Transaction_id,customer_name,Date,Amount,Status
eab2c724-8132-4b54-83b7-b302bf64f40a,Frances Bowman,1991-03-05,2340,Pending
c2da7311-35e1-464e-b66c-ce0f61a2240f,Andrew Maxwell,2025-01-24,4218,Failed
8e457335-19e7-4482-9880-134a8eb5a036,Christy Morris,2014-03-06,2968,Pending
0c1bef70-7608-47c5-b615-e3c559c7ee2b,Jacob Booth,1995-05-28,2739,Failed
c4cae583-3b72-4bca-b17f-dee1eb2acf87,Brandon Crawford,1979-08-31,1055,Pending
7a0be7f7-7427-437e-8c1b-7b95ee49f270,Anna Berg,1988-09-01,4729,Success
3b4ea964-abaf-404f-92cf-1b311de05be7,Sarah Robinson,1979-08-28,1331,Failed
b3bda2bc-c3bb-4994-93e1-fbc8142449bf,Molly Arnold,1971-07-11,4748,Success
84316458-5d91-4d1b-beff-6280aed2bf6f,Christopher Johnson,1986-09-19,1828,Pending
b3379e68-52b6-424d-b667-77618dd5a381,Heather Robinson,2023-12-20,1855,Success
434f20ec-fdc5-47d3-90ae-ec02e3bb2b5d,Vanessa Davis,2003-10-22,730,Pending
6bc60843-ea19-438c-8dce-3f2a9f55a732,Emma Moore,1998-12-09,1271,Success
4d37ac2e-c762-43a5-ae4a-d4b703a487c2,Rhonda Davis,2015-09-02,2041,Success
84223036-d312-475e-a246-63e2469e57cd,Jake Wilson,2019-07-09,4651,Success
e29e96be-3269-4cf0-b85a-7bf1a3da8e36,Erica Ortiz,1994-05-09,2963,Failed
2ccc7bfb-b022-4769-9a39-489bf8ed5514,Robert Thomas,1991-07-16,3244,Pending
bff6fca5-d861-462a-b1ec-bc6bc408406b,Jessica Farmer,1973-04-17,2442,Pending
89e49d1c-ddc4-49be-b981-cdfed72a6211,Whitney Nguyen,1976-01-05,3835,Failed
9f85ec87-c705-4c07-be8c-6fd3bb343fae,Monica Gonzalez,2015-12-22,2385,Success
cdb5ff3a-ec00-4ccb-83f8-3bf78b1bba39,Timothy Knight,1985-11-18,4526,Success
7ee60aff-791a-43f1-923b-ab74dba3aa96,Maurice Levine,1998-12-30,941,Pending
42676c00-326c-4de5-a4d4-317c725cd0cb,Steven Ashley,2016-02-25,3640,Pending
547246ad-b398-418e-866a-35d8f4787b91,Kayla Willis,2011-08-11,2494,Pending
e5675f5a-907e-4d3a-bc8e-16472d672e6b,Joseph Walker,2021-04-27,1284,Failed
6887c8fc-3ba3-49fe-b20c-7f1f0dba8fda,Stephanie Todd,1976-08-17,2452,Pending
6ed99780-0a92-4f86-878f-94d4d3856154,Samantha Clark,2002-07-04,3887,Failed
a71743e7-cbad-4e26-bd63-33cd50f1a10f,Joseph Tran,1972-04-16,3598,Success
bc7d2571-5898-4005-854d-bcd459069121,Veronica Berry,2018-12-11,3100,Pending
b1f598cb-56ec-48a0-a22c-bd973f37b1a9,Lisa Thompson,1994-01-20,1757,Failed
f272cfd2-9b51-46b9-b1e1-a4f7ee376ab3,Nicole Wilson,1991-06-05,3083,Success
24b18f89-b13c-4d9a-be3c-fdb5cfea745e,Juan Brown,1980-05-09,1973,Pending
ddb2c573-876e-4abf-885f-43f809b95d52,Ellen Sims,1998-03-21,4165,Pending
b98cccc8-045a-4787-8438-5491dfd9e053,Daniel Arias,2005-05-19,3330,Failed
fc1efd22-6818-4ab1-bcc3-a0acc4d1bb44,Juan Smith,2024-03-24,2378,Failed
95307498-12e2-4593-bb9d-1a7ef065bfc5,Andrew Johnson,1975-12-14,3530,Success
ed08090a-7284-49b2-9f3e-12fbeda905dc,Lori Jackson,1990-02-16,2124,Failed
09ddb6ef-4a5a-4f9b-b68f-1c6fd41b484b,Jennifer Johnson MD,2004-05-17,813,Success
8dbb8639-5591-464b-afd4-78d6fefdc075,Lori Fitzpatrick,1993-03-04,3859,Success
097a8f5a-046d-4006-b6a2-3d6b7a7cd815,Kristen Jones,2018-08-06,4268,Failed
b94c2fc2-2f9f-423c-8c35-a6ca462241b3,Heather Garcia,1979-07-22,932,Failed
a390b842-baf8-4387-a365-eacd67bc2438,Terry Garcia,1988-01-29,571,Pending
dc1edb45-c113-4926-b874-58e2b5489b92,Tracy Bennett,1978-12-22,1805,Pending
e62ce44b-0830-47c8-9cb9-ba12dc77a4e3,Taylor Flowers,1983-06-05,2124,Pending
283aa738-8ae6-4956-b946-7865837c7445,Jorge Navarro,1971-11-24,3312,Failed
5b573c9b-f8c7-4ac9-9396-e71c3b3148c8,Russell Salazar,2025-05-28,4110,Success
25ccb702-d748-489a-8673-3f753ca2b995,Hailey Davis,1988-06-12,1201,Success
2bd1cb10-47aa-45a1-80da-711246d1ef8b,Katherine Allen,1985-09-14,4205,Success
7704d89b-eb85-4304-942f-033b121bb6b5,Ruben Villarreal,1987-06-29,4342,Success
da7bf485-bcc3-4798-a1ef-99ee5634889d,Lisa Bautista,2008-06-01,4046,Failed
9752e4a0-7b9c-4141-95a7-c24dc3aa09ee,Colleen Johnson,2005-03-26,3497,Failed
b686f56a-3b84-4a82-9447-d0b556ab88ef,David Mayo,1989-01-31,3068,Success
2a8d19a8-729e-4339-994d-084b409e4d8a,Cory Buchanan,2002-06-24,1467,Failed
1b79d7ed-48bb-4bb9-9002-37ec4af12fe6,Omar Dudley,2004-02-12,2961,Success
5458c494-982a-464c-9c78-7a3e7a54ef9d,Shannon Peterson,1984-08-13,928,Success
7b0e6b19-c29d-4ec8-8309-f4fdd0948097,David Davis,1989-05-21,1955,Failed
8388a8d9-cfdb-463f-b531-dcb863b982ba,Amy Johnson,1991-09-18,2794,Pending
68236bd6-5b6e-400f-8698-55a1f42c0718,Carol Smith,1987-04-16,1651,Failed
04e67bbe-8572-41f6-9e19-9fd613571bc3,Erin Johnson,2004-07-21,2737,Pending
ac916501-f4b6-4293-86f0-7c20368007bb,Walter Cochran,1997-01-12,3478,Pending
246549df-2620-4a0d-9eb7-f15da01d74ec,Dustin Rose,1979-11-06,4342,Failed
bb8b00f1-7743-4a41-87ec-05707eec273d,Beverly Black,1978-11-08,2895,Pending
eb0aa56b-77c8-42f9-a160-33d7fd9cdc2b,Heather Barrett,1972-03-02,3558,Failed
771b351f-9361-40bb-90b5-dfa7f5b24e13,Elizabeth Robertson,1986-04-13,4293,Pending
1a5b0c11-bd35-4543-bb3a-f37093c018d8,Morgan Miller,1995-04-18,4213,Failed
4d21c004-ef82-45c6-97f8-f9e813b24bd9,Kevin Guerrero,2000-08-25,1238,Pending
e075d01b-e1b8-42dc-bcbd-2011b928492f,Christopher Davis,1980-09-21,4267,Pending
8fb20765-0d8c-4f62-bc75-477af9a6c01e,Victoria Monroe,1980-05-29,3520,Success
85415101-dc14-4883-9162-26a157ad13bb,Faith Harvey,2006-06-24,1148,Failed
84f70639-a3f5-463d-921c-4d85958fd0e0,Maria Ross,1984-11-26,3859,Pending
4e66f3bd-b658-488c-8e40-a73fbbdd2a69,Stephanie Ferguson,2013-04-26,3667,Pending
1ba0ab49-a438-4c77-bf27-29c5e4e9e801,Laura Reid,2024-07-29,2257,Failed
60dbaacd-2002-40bb-9cba-22d9d3886ce3,Michelle Obrien,1978-07-18,1598,Failed
13b2f16f-406e-4233-bb72-eb28ca4a36fc,Andrea Cole PhD,2014-10-06,4252,Failed
e639d309-8556-4b12-9df2-ec9bd6c50353,Joshua Stewart,1991-03-05,2252,Pending
c9aa0b7c-7357-4008-aee5-ffdbf4a49cdb,Jared Figueroa,1993-06-25,1212,Failed
70ae9961-865d-409f-9f42-4987ad0000d6,Amy Moore,2000-09-12,2995,Pending
25e7aed0-346e-45ce-bba9-c3f73d943584,Jessica Mccarthy,1977-12-26,3695,Pending
3036fc86-29b9-4e7f-b31f-4a1a388ee8d0,Kimberly Campbell,2000-07-14,1922,Success
a0aa3b49-2cc1-49a3-9488-844bdc03e2ce,Paula Lopez,1985-06-14,1774,Success
e0793cc3-e3d3-4930-a4c1-e3dddde3869e,Michael Arnold,1970-08-05,4446,Failed
c4b48f64-d246-42fa-9c4d-ae6b53e3e195,Austin Jones,2006-07-21,868,Success
4f9ef8b5-62a8-4519-8bd3-44ff62dbcb67,Danny Fowler,2022-08-29,3933,Failed
62f6a13d-a4c7-4c47-b07e-84706ba21e00,Joseph Anderson,1970-01-02,2702,Pending
1e79f9c1-aa32-4d25-8167-72d089755cfc,Geoffrey Jones,2023-10-13,3763,Pending
2350dce9-35d6-4e6c-95fc-d2e89439ab80,Diana Hartman,1998-07-13,4518,Failed
cecb32c6-084b-4988-a4d8-24388f25da6d,Jennifer Walker,2020-01-29,3067,Success
17313b98-aac2-4e38-8747-98a110451e18,James Reeves,1973-04-19,1127,Success
373bec4f-d528-4526-9efe-fcf1be3c02b3,Barry Butler,2008-10-06,2499,Success
cc4c07d1-4409-4051-b594-98b070c7d24d,Laura Garcia,1973-10-17,612,Success
d55705bc-132c-44c2-8074-3ed8302a1994,Laura Dean,2006-06-15,2010,Pending
a3b4cfba-f204-48ef-a623-909ec81e91b5,Tiffany Thomas,2015-11-17,3398,Failed
401180b6-0753-4db8-84c8-cdf97f6af79c,Taylor Gonzales DDS,2015-01-30,2254,Failed
97e45e8f-ac39-4c37-9c89-ccab78b06638,Melissa Walker,1998-05-30,521,Pending
b186481c-3f3f-43cf-974e-55df95854b86,Denise Nelson,1984-03-12,2561,Success
d24d7305-6223-495e-bba9-29bae3f6981e,Jessica Campbell,2016-12-03,3764,Pending
a2dd490d-2489-44f4-b359-012c54047dc7,Miss Jessica Greene MD,1977-12-02,3831,Success
f1afb440-f906-4120-ba20-12af29f6bce7,John Harris,2025-10-03,4115,Success
6d489c0a-5043-453e-9058-0ff672782e19,Haley Burke,1984-01-07,936,Failed
41d91138-23ad-472f-a0d1-5abc2ad999fe,Veronica Garcia,2022-08-26,3207,Failed
f3300a9b-36de-4022-8076-76e5e04e6166,Olivia Wood,1982-08-04,274,Pending
d6054762-f873-4f14-a196-a0e4912f845e,Mr. Joshua Gilbert,1992-10-17,3871,Failed
cbd7c0ad-51df-4d86-8544-6d18adcfe2f7,Anne Oneill,1976-10-20,930,Failed
c1d6128d-7e7d-4000-9189-8f151b1d8f11,Gerald Malone,2011-05-08,4659,Failed
1320c66e-2758-48fd-bf2b-928da8e69e85,Casey Rodriguez,1995-02-23,899,Failed
3a85af1d-bba0-4485-9e5c-c4a1c625f9da,Thomas Bryan,1991-08-04,3966,Failed
fecf70d5-1033-4f82-92e8-bfe97b8fcb97,Nicholas Carroll,1984-11-24,115,Failed
28e28358-ded5-42cf-b03c-cd63f4bf1fb7,Joshua Foster,1995-09-06,1262,Pending
5f51fd3c-46b8-4c29-ae85-26d1e1431bd7,Tyler Schmidt,1980-08-01,2587,Success
de594ca4-a46f-40d2-99b8-88ea7b90d205,Kevin Brown,2022-03-19,4482,Failed
d99b48ae-019e-44da-a586-2b769fc3f0fd,Randall Cross,1992-04-16,3853,Pending
33614369-7a97-489c-9d48-f80b1baf4e1d,Stephen Nelson,1976-07-30,648,Failed
c1144465-49da-4f02-a77b-55371d61141a,Christopher James,2010-07-04,1532,Pending
1b7fe2f3-567b-4179-a338-e7c3b5eeb8d7,Shawn Russell,1989-07-19,4928,Failed
39442290-b650-42cd-9f4d-e728e588e294,James Hall,2009-04-30,145,Success
3fd021ec-42d0-4664-893b-38243a4b414b,Cameron Gomez,1994-08-29,2835,Pending
c319e2ae-3539-4e6b-a45f-019dc1e5c3d1,Angela Barnett,1988-09-08,2646,Failed
4061fba6-b925-47f6-98a1-fdae323e2282,Joshua Campbell,1987-12-28,459,Failed
41fae1a7-b152-4bbb-a987-bf18321a41d7,Leah Proctor,1973-06-27,1718,Success
78223377-1735-4077-9a78-d193692b4abb,Heather Beasley,1979-03-30,4997,Pending
8c124ad0-ecb2-44a8-8b32-97d51f67e845,Ashley Robbins,2011-05-21,3009,Failed
336c978e-0806-4ea7-8e1f-422a8b5be71e,Richard Gutierrez,1985-09-20,2692,Success
25a3fe93-6ce4-4400-843d-3f8ca3a90dbc,Sandra Ballard,1994-08-18,3008,Success
982d6e7a-a7f3-4262-9b32-da3120e65f3b,James Mullins,2001-02-09,591,Failed
34c64f45-a6ae-473e-852e-55296c32d528,James Howard MD,2011-05-03,2390,Failed
aef7a00e-efbf-42d2-b59c-27cc38ad8789,Andrew Butler,1990-04-07,4627,Failed
d5d08111-bf72-4c4e-9e39-bfc2537478af,Isabel Jackson,1999-01-04,3456,Failed
51db98a8-d638-453b-a3b6-396beb69a19c,David Powers,1996-05-07,2091,Failed
54be8551-7b5e-4627-853b-2a3db9c5e272,Terry Benjamin,2013-02-02,4265,Pending
8cd664c4-8156-45b3-8b30-5f72acaeb9a2,Melanie Best,2023-03-24,2274,Failed
8d82ac17-2b1b-4219-847a-5c06b0bcbe3c,Lance Bradley,2012-10-16,1444,Pending
d1c3c2d0-0844-4ad3-bd33-694db4ea1daf,Samantha Oliver MD,1998-01-09,2526,Failed
16e5b644-adbc-4bb9-828c-34f03a46a782,Justin Clark,2016-11-11,4243,Success
d4be299d-a223-4f70-ad43-49fcc8c6d555,Derrick Brown,1988-11-30,4028,Success
b8fde90a-fb20-486a-b37b-9e90bdceb688,Erin Rice,2025-08-06,503,Success
3df29270-d91f-4db2-83b7-24962002fda6,Laurie Simpson,2023-01-17,4604,Pending
c9e9c221-d543-4afb-8541-d9fe9f462207,Keith Padilla,1981-05-31,2249,Failed
90b210f1-1b89-44b1-809b-88e44fe2157a,Warren Barajas,2008-10-01,2555,Pending
d4fda57c-896d-47d6-9e2a-f21f2951dd4b,Christopher George,1977-10-01,1736,Pending
c43f8ce1-cfd5-4209-a0e1-f970145f0a6f,Mark Hampton,2016-09-12,4168,Success
908e6450-6fd3-4941-8c0d-43516c2a2804,Julie Nielsen,1992-12-23,3869,Pending
169101a4-4cfd-4480-aa5f-3bc76ccea6b7,Miss Lauren Manning MD,2024-02-08,3487,Success
bd1bfbb6-f8fe-44a2-9614-d8e1f84cd358,Megan Riley,1986-07-18,4512,Success
4fe450b6-cf75-41ad-bf4e-dae02a89af8b,Thomas Tran,1987-02-01,4685,Failed
80ae01aa-66c3-491b-ad14-c8d5f5c097ff,Kathy Stanley,1982-10-31,2886,Success
55fa9f27-100a-4c62-ab10-564c95f8c95e,Ashley Hall,2005-05-03,3385,Success
6ec44633-e59d-4cac-8ab3-c095b089204b,Benjamin Lee,2000-01-31,4496,Failed
ed4a185c-28cd-49fe-b329-03ad885d0412,Penny Perry,1980-05-04,4399,Success
7a3c3b5f-24bb-4395-9ad6-ab43aee3c8bf,Jessica Harris PhD,2023-10-20,2630,Success
6e4533fd-55af-4436-8f5e-bcb24cc34a76,Michael Moran,1971-09-02,2431,Success
482fe8eb-be50-48ec-9407-2816b61df969,Andrew Schultz,1972-06-20,4551,Pending
b9e7e883-5cee-405c-a82e-61dd558f1979,Kathleen Hanson,2007-11-12,4506,Failed
a0bf1c9b-3b6f-4aac-9db4-6d17fc9d7e3f,Laurie Lee,2013-10-05,4258,Success
c14c4b0e-6263-4692-ac79-962553643da2,Dennis Ibarra,1997-05-26,4244,Pending
6c38bceb-c3cc-4784-a483-1cce39057df6,Michael Flores,1994-11-09,4407,Pending
52f4edea-8ae0-4069-8410-93533a9b2fff,Michael Fowler,1993-10-19,4039,Failed
891c4dc9-5e3a-4707-b3f3-abb8e799cb56,Sarah Stone,1993-11-04,4771,Success
ee22bb67-d78f-4a42-8516-97ebac624619,Kirk Briggs,1981-05-26,756,Success
538f2403-5a6f-4eef-a062-095db56ac7ab,Dana Moore,1981-03-12,2929,Success
e7877490-3314-48f9-9a01-128d9ecf01f3,Dr. William Hudson,1986-10-10,4845,Failed
1a75f32d-c31a-467c-bfaf-c54c009ab343,Louis Rose,2005-06-24,929,Failed
ff9bab47-f3ea-4671-8ae2-b5f7170d7dd7,Robert Adams,1981-07-14,3788,Failed
90e1a234-c7c2-4f7f-9def-1cfd652eae06,Joshua Coleman,1979-10-08,4504,Pending
57a0c325-2b85-4fef-8234-841608f8067d,Latoya Garrett,1975-11-14,830,Pending
96c6678f-b353-4001-906e-2ac485a38b72,Cynthia Lane,2009-06-29,311,Failed
4f166a2a-25f5-4579-a9d5-cecfa466619e,Darlene White,2004-07-04,809,Pending
22fced7a-85c4-4dfe-b24f-dc55a29ac414,Dana Vargas,1986-09-19,4802,Failed
119f3cdc-84c3-439a-aeba-c7773254e2c4,Paul Thompson,1971-02-11,2512,Pending
f1a9a150-ae96-4b0c-a67e-68f28daa90ac,Diane Charles,1997-07-25,2746,Success
77005d04-0a45-48f7-a26e-d122a6383b0b,Joshua Weiss,1981-10-14,124,Success
0bc09404-d5df-4042-a425-6fd9ad693681,Carrie Koch,1980-09-05,2340,Failed
37025c5f-cb71-4ec6-96d8-ba5e7044ff8d,Daniel Munoz,1988-08-20,3093,Failed
2eddaa08-4841-4d55-b474-a61311b255e7,Ashley Cobb,1975-08-29,1465,Failed
b6abdd43-0a17-4244-9032-c66cf503749e,Joseph Morgan,2025-09-16,966,Success
bd305d4f-b956-439e-a032-1811607f4d51,George Smith,1987-04-24,4861,Success
4918cb53-81fc-49ba-8ade-22f169f9aeb3,Greg Little,2007-03-12,3885,Failed
92731811-5c2f-4a84-85b5-6ac1325ac8f9,Lucas Powell,1996-06-07,2918,Pending
88a329b8-2149-486c-ba39-b0c967cb5399,Laurie Nguyen,1976-01-16,4064,Failed
97ca8d9e-d85f-4448-a048-056e97f1009d,Mrs. Jessica Wood,2016-12-06,2246,Pending
bc01d468-8e6c-4dc6-9be5-528323e8a037,Benjamin Kelly,1997-03-02,3550,Success
1da30dfd-c129-4bf2-8873-fc465073b726,Ashley Cruz,1992-09-10,1574,Success
9f47ac37-d732-46ab-a1c9-9a5d262130cb,Randall Taylor,2016-05-28,4540,Pending
bd572c6a-f330-4553-befe-e6b40e209a75,Jade Rich,1993-10-11,2877,Failed
5d89fd0d-33e6-4048-87f7-99e95ad38954,Ronald Thomas,2007-03-03,287,Failed
7a1a064a-425a-4b97-bde7-bc7061547e11,Mrs. Stephanie Ellison MD,1977-05-14,3490,Failed
da162be4-c874-40ba-896c-ac10a57fbc25,Amanda Ward,2016-05-31,1658,Failed
fbe2157d-32a4-44a9-8449-2473fae7a1fa,John Nolan,2006-10-11,2193,Success
6611c6db-7e13-4caa-8a3a-2521362e73e7,Erika Bowen,1981-11-03,1972,Success
d6053634-177b-48f7-b9e5-4adb479e4af3,Stephen Wilson,1997-02-27,1338,Pending
43fe4f61-407f-465c-ae57-eb62247c09d7,William Rodriguez,2012-10-11,2138,Pending
5a41fb8a-eecf-408d-8e5e-62ebfa9e427b,Emily Wallace,1998-04-12,2468,Pending
9273fd34-2715-4999-a38a-2e9df633a2e9,Brandon Myers,1990-01-25,2157,Failed
dbc045aa-dbf3-415e-a630-8054d801930b,Natalie Smith,1982-10-05,2632,Pending
5b622aee-2f58-4b17-8f14-9fb019b101f9,Barbara Rodriguez,1999-05-24,1332,Pending
f82e6883-3154-4a9a-b8f9-b6aee2c9db80,Chloe Williams,1995-01-25,1569,Failed
872903d7-b861-4d56-a307-555444650fcb,Christopher Preston,1982-07-22,2624,Pending
47a29523-6c60-4d26-a0bc-b0c51973eff8,Kenneth Wilson,2005-04-15,4672,Pending
09d54b23-dbd0-46c9-9e6a-55d4db4af13c,Mary Schroeder,2017-04-01,2855,Success
368d0292-29eb-4dd7-960d-6710757a89c9,Michael Acevedo,2009-12-10,2638,Failed
096879c5-6d2b-4963-bfa6-e9fa269ec89e,Caitlin Moore,1999-12-04,1688,Failed
936bdeca-5bf8-41f0-8768-83eb5f5d7fdf,Alexandra Torres,2017-12-03,2691,Success
f2052aa5-f2ea-4195-af09-2766adecf6fe,Jeremy Ochoa,1970-02-18,870,Failed
594997f2-72bd-4dc8-bc7c-f5b4404ef3b2,Jackie Carey,2020-04-06,2247,Pending
252e2185-e828-4a21-98df-7a1978916f54,Jonathan Wright,2002-04-06,818,Pending
02174579-a80e-4ed0-978a-659eeb2475fd,Courtney Taylor MD,2008-03-02,3052,Success
2772ce58-e968-4b5b-b7e4-e15ceda3f352,Kevin Silva,2004-11-04,2724,Failed
9a7843df-56a5-4a09-9b7e-11bab56163ee,Rhonda Coleman,2022-11-17,3070,Pending
fa317e3c-02d6-4fab-a896-2c31be302d85,Edward Strickland,1975-03-20,3403,Failed
557c72b4-8793-4a28-9f15-da405b19868f,Taylor Green,1979-11-21,4196,Pending
e0338d68-9018-41cc-b999-55e76e91ec1b,Jacob Sheppard,1985-01-30,783,Success
699f75f5-fb97-428c-95d8-9bc5d9ded08e,Marcia Walker,1976-03-17,450,Success
8ff0ed9a-0f0f-444a-9e12-1e5c7ef47cf7,Jennifer Allen,2002-04-28,3340,Success
a1a60e02-54e7-440e-8e96-dbf8d4e8acf4,Mark Green,1983-10-26,208,Failed
ff763a3d-ef40-44ab-b158-c9fb69c207d2,David Anderson,1970-08-17,3903,Failed
a462d010-9052-43a1-b85d-8fc609ef8d7d,Brandon Garrett,2000-02-29,2655,Pending
dd3c3e79-c78f-4dde-9b02-ba8ac2ed235c,Alexander Collier,2005-07-21,2663,Success
482622a4-bb49-438b-a6bb-60b1714f420c,Jeremy Herrera,1999-05-11,1802,Pending
42dc5389-001b-4243-97b0-eab9138d0c60,Karen Howard,1982-06-13,4961,Failed
d2b70fe3-180b-45d2-bd43-17e324350bd4,Thomas Miller,2022-03-27,584,Success
3d6bf5e9-1be2-4c00-8258-194f7601e25d,Angie Downs,1989-05-05,3773,Failed
a7102a8e-5b93-47b2-826e-7b7dc2ddabf5,Laura Berry,1992-04-21,302,Pending
427b84d7-eac5-4b5f-8735-c630d95470b1,Richard Norman,2003-09-13,2727,Failed
05efda20-bab7-4c8d-a1d3-52dbc2246ff6,Stephen Long,1981-03-11,2420,Success
2a87d380-212c-4bc0-b478-137d7aa7b6dc,Barbara Lee,1974-04-18,3987,Failed
37f036ca-bd24-4bd7-9193-4f4e19e0f0d0,David Snyder,1976-06-25,1472,Success
3ef85764-f39a-4186-b5ce-c8b7817f532a,Wanda Vaughn,2008-05-20,3815,Failed
fd391679-c509-4520-953c-0fe0f63eb4b0,James Martinez,2016-05-28,4938,Pending
05951a17-daef-4f29-923b-35025f3ae02a,Rebecca Turner,1978-07-14,2161,Failed
d0a0a78b-d2ee-4421-9fd4-be1ba07526b6,Randy Jackson,2003-12-31,1234,Pending
9b5adeb6-942f-4dbe-b373-f5e7501a99b0,Linda Herring,2008-06-21,4381,Failed
d8b72d38-37e2-4cdc-b6c0-6c6e400f7d85,Natalie Newton,1972-05-22,2501,Pending
0fe90aa1-0ee4-45f5-b985-91031395b0f4,Tina Mann,2004-08-11,4464,Failed
07b60760-fc43-4ccc-aadd-7b25a5d326be,Patrick Reilly,2011-04-25,4612,Pending
dbcbb4c5-1075-458f-9c3a-2d7bdfab7fc8,Ryan Jones,2012-12-19,3806,Success
fae6b8c8-337b-4278-bb61-f10def8a6d1c,Sara Lang,1990-07-21,4284,Success
b4e04fb8-08b1-4305-9b2f-f26ad443d484,David Hodge,1983-03-05,3736,Pending
d97771e0-20d5-4094-ae22-e9c6d900e9c9,Clifford Smith,2006-08-29,3564,Pending
9e37c487-40d9-4307-955b-df02a98fe1e7,Kelly Farley,2017-09-19,2598,Failed
ac0805fa-7412-4c00-ac96-20085770605f,Debra Scott,1982-10-19,223,Success
5fd3fb90-cbd1-447f-96ac-5ea3adfb2dd9,Jennifer Lin,2010-11-17,4098,Pending
da90731b-54bb-44b3-b657-d09e4f15b2b3,Ashley Hoffman,1998-06-14,103,Success
7beedb2d-9013-4959-9833-b36756c8afac,Kyle Wolfe,2025-09-27,1187,Failed
1a8974db-d140-45b5-b0ae-20996c4a1339,Brandon Harris,2006-03-25,192,Success
496496eb-920a-4a79-9a0f-f9479a4705a4,Erin Avery,2000-01-01,3911,Success
90081be9-ceba-48b9-b677-2ba52b121748,Stephen Christian,1992-01-09,3513,Failed
e198dfb9-517f-4798-b268-2363156cd4d7,Richard Estes,1970-09-15,1533,Success
72607c69-d8c3-41c8-8958-951ef9f2f05f,Juan Crawford,2010-01-21,4227,Pending
127140d7-cd62-4245-bd21-5a1326824317,James Moreno,1975-03-05,743,Failed
257de241-4aa0-49b8-af56-aecfb6862ab4,Rachel Kirby,2020-03-27,886,Pending
6c8ba79f-6619-4f12-85b6-d5518b2df77d,Jim Leonard,1984-09-13,680,Pending
5caf5ca3-1d7c-41e7-ae8a-93e188727b20,Brittany Grant,1984-09-10,2452,Failed
18a2c465-c840-4fa5-a114-28bb55873191,James Maynard,1986-10-21,672,Pending
ba715b7c-d1b6-4c22-a3e6-46cc4afdfc8d,Joshua Rodriguez,2001-10-03,2242,Pending
689418f2-0777-4ae6-9894-0fa5f9c30c6c,Denise Wood,2003-05-17,3769,Failed
de370cb9-2e58-4930-a6b8-6317cc338957,Nicole Fields,1993-05-09,3980,Failed
5cde3bd7-02c5-444a-b6dd-e831c903d135,Miguel Erickson PhD,2010-12-26,4044,Success
d8d5a908-6e34-4d42-a305-d88b9bfdbdbf,Alexander Smith,1994-09-19,3028,Pending
e0149311-a8ae-4ffc-b24d-39b63c733f0d,Joseph Howard,1984-03-02,107,Success
97a65c3e-ad7a-42e4-be2e-da933b6592bf,Michael Nelson,1975-04-02,4642,Success
bd2e4b19-11e9-4ce3-86b0-14fd7b977fa3,Kelly Hall,2006-03-18,235,Success
e13c2756-675c-4b9c-9a65-f3f486287490,Deanna Crawford,1981-11-08,3691,Success
dc0cab08-4d6e-4314-9de4-2c146f4b640b,Heather Johnson,2005-05-13,3855,Pending
f837775e-42aa-45e6-b6c8-176216f1f772,Jessica Johnson,2006-12-20,3330,Success
efddba62-2d16-4d7a-85ba-f39187fd6cdf,Andrew Cole,2013-10-14,1789,Failed
fba80956-ea90-42aa-af6b-2f66150c97b8,Suzanne Johnson,2013-01-22,242,Pending
0b016060-e985-4b89-8247-2525e9d7cf47,Sandra Ingram,1970-10-06,1565,Failed
9424901e-9d64-44b7-9d80-fee9687ed489,Jessica Lowe,2008-12-21,1644,Success
b98673f6-daaa-40ff-b43a-846366a26c34,Sarah Smith,2005-08-14,3915,Success
6567c7f9-e2c3-4a40-9ce5-7094b27cce41,Tonya Mcdonald,2018-12-15,3312,Pending
9f16c057-1838-46c8-96d3-b66a516ee274,Kelly Spence,1991-02-04,4285,Success
b9abac93-da8d-42d4-b831-06b47d1f9e8d,Robin Skinner,1977-12-12,1524,Success
6f817ab7-1c02-420f-adfa-5207af674f3d,Diana Harper,1972-11-23,2046,Failed
19d50f8b-32a5-4069-b1f3-0ee13054fe9d,John Johnson,1976-01-13,3193,Pending
b8e14751-11e2-4bb3-84fd-d6dca551e70a,Sandra Jones,1988-11-13,3397,Pending
ad6cd356-560a-4c80-adc2-a9c0fc7d141b,Shelby Clark,1984-09-16,1487,Success
004f02ba-1d4f-44f0-b556-22690a90cd33,Kenneth Franklin,1982-02-10,1350,Failed
cb46b0a5-56d1-4962-ab13-5bf591c14016,Angela Washington,1976-02-03,2631,Success
f8036b30-aa1b-47bd-b018-8522eb4893fb,Cheryl Griffin,1989-09-24,4732,Success
1777cec1-d0ec-40ad-8cfe-8edf5aafa0f9,David Gonzalez,2000-03-06,2718,Success
df9c37f7-1b76-42a1-b9c4-ea18d42e9d1b,Justin Murphy,1997-11-22,3785,Pending
303c802c-5161-4c59-b162-6eb83b04ee68,Elizabeth Barrett,1975-02-26,3022,Failed
a5ea14a5-f8bc-46ed-ba6d-a31effd74c3b,Edward Mann,2009-05-14,2193,Failed
6463be39-365e-43c5-a3d8-378a7d2ca403,Preston Salazar,1980-06-12,3066,Failed
61d67e16-6504-44d5-b26c-5b9651e1dfc0,George Miller,1972-07-29,3797,Success
5f735607-d6a7-4b96-8af8-418fd4eb9cf5,Cheryl Brown,1990-03-16,4328,Pending
cd5b6d1d-68e9-4e87-9885-dcdc456ce1b4,Sarah Romero,2002-05-02,880,Failed
9d441d9e-46f0-4222-988c-802c885939fd,Patricia Huerta,2009-03-18,2010,Failed
51b840dd-a459-4e85-adbb-8b6a1ef2511d,Bethany Leon,2015-08-13,1193,Failed
3f164835-b2d9-49d1-9ab4-4198cce9c0cd,Paul Clark,2004-10-16,1702,Failed
d100ebdd-fe6c-463b-881a-01f78f3d0361,Marilyn Foster,2004-05-31,1260,Failed
997bffd9-8692-4bb7-b3f5-206468257235,Frank Weeks,2020-04-11,1519,Pending
b43a8e17-1b56-42f3-96c9-dc40c8418e26,Courtney Johnson,1982-09-04,1676,Success
94fdf6cf-1db0-4d20-b9f3-36da7f883384,Matthew Jones,1974-02-28,715,Failed
8c21e73f-580b-420b-ae06-1d3e7882a362,Debra Rodriguez,2011-12-04,176,Pending
b181b38a-a8fd-4274-9e7e-8f96c5921587,Amanda Watson,1990-08-24,2756,Success
1f5a427c-4d68-402b-9294-bb3d89b5740b,Elizabeth Steele,1971-05-01,977,Pending
5b51312a-7be9-40b8-b4c8-3038c381e483,Anthony Morgan,2015-08-17,1213,Success
16e7d407-ae57-4561-96ac-1b5c361ee1ee,Michele Wright,1970-02-25,3439,Pending
98e913c7-18da-40b3-b1e8-dddc9ee521b0,Steven Wells,2004-03-04,3395,Success
ef25fd73-6787-4397-805a-dba244a32c67,Alfred Buchanan,2019-02-14,485,Success
64c705ab-999d-4c87-9832-e182dd6feefa,James Lopez,1971-07-18,1768,Success
ed23cd0a-e9a5-47ad-9bd6-6db0364402f3,Jennifer White,2020-12-28,4863,Failed
00610daf-abb6-45d6-8373-34fbbbdf4006,Amanda Smith,1978-04-16,817,Pending
c4cd7f3b-a6e6-4fc5-ae58-cc7263871e23,Jennifer Gonzales,2016-08-10,4266,Failed
3d523e4f-1245-4dbb-a3f0-e5c0e9c8be2f,Melanie Johnson,2011-07-05,4526,Failed
d2a3cd69-677b-4d85-8b13-a63049499b2f,Aaron Knight,1996-03-26,279,Success
09fe9e4a-7ff9-48ed-9660-2ce9153df0c4,Richard Murray,1978-01-09,3334,Failed
3f6d7d80-0a99-4fea-8f84-c4265c49a0a0,Charles Villarreal,1971-12-26,1640,Failed
74c1de28-ccf0-4dab-ba97-f6027149ed6c,Clayton Lopez,1976-05-31,1323,Failed
a872659b-0790-44c1-944a-4fe5415ace25,Mark Miller,2022-06-22,3392,Failed
b869a0f3-b28f-4bb8-ac8e-81e32a0e17a3,Corey Gonzalez,1982-02-06,482,Success
44d83343-1e20-4863-89f7-963bbdeb426e,Martha Gomez,2005-01-27,2926,Success
3264f3d2-79a2-40c8-a5d4-2f8edc143f5e,Martha Murillo,1987-09-08,4771,Pending
ced49bac-0a66-4072-aaef-01c587f7cc8c,Stephanie Smith,1994-06-30,1991,Failed
6e0e1f9e-d61f-48ca-9f55-16ddd1d8749c,Benjamin Newman,1986-04-10,2289,Success
5421ad92-e5ec-48aa-b960-5cf08e6000ad,Bianca Brown,1985-07-15,2995,Failed
cb631e01-0479-4884-b4fd-f86ef79f7efa,Jenny Bowman,2014-12-01,4464,Pending
f4c9b937-3592-472e-b24a-9bf3ff631f52,Jason Bell,1982-09-28,536,Success
d2cfd329-cc98-43b7-8590-75819e71780f,Martha Rogers,1972-05-20,4465,Success
47716fb7-6b86-4a38-84cd-d2f0571abb48,James Booth,1985-12-24,3525,Failed
4a9684c9-be6c-46e8-a54f-41a6007899fb,Jessica Ochoa,1994-07-15,3325,Success
15721942-402d-43a1-98cf-787d09217447,Donald Smith,2019-04-05,1401,Pending
a87802b8-b2e2-4287-b9b3-d4654dfea37e,Anne Gonzalez,2016-02-17,4171,Success
27f41e63-b717-472d-a19c-3c44379aaf54,Julia Lewis,1999-08-23,1432,Pending
bffc2f62-8699-4005-98d7-813db59e5447,James Griffin,1988-01-11,1848,Pending
2e3f8110-05fb-4c44-a60c-8934cc6a05ec,Philip Mclean,2010-12-11,2428,Pending
7f4ea6c4-d0a2-4e61-b9c9-469d6cd61555,Michael Smith,2013-08-04,1233,Pending
8a8431b6-4329-49a5-9510-b607a4b3b053,Melissa Obrien,2023-10-14,3771,Pending
f2a9462d-4c5a-488d-8c29-1bbf44593b85,Lacey Maldonado,2012-03-24,1344,Success
19df392e-f9ba-4c97-83d2-0985d59603d2,Bill Barnes,2007-06-08,2345,Success
6dddbb65-c7ae-447f-a562-ba825fb3e56b,Lisa Smith,2018-01-29,1419,Pending
8ccc33f4-49fe-4f92-ac3a-78cd49b0a5f1,Dustin Jones,2002-06-17,4668,Pending
58240af9-7f70-4d27-8a50-28a1832de647,Dawn Dixon,1973-09-05,2167,Failed
2a0a6acd-0595-4987-9e60-5068933b4817,Cynthia Hanson MD,2021-08-13,3499,Success
ac24e8bc-b312-4f16-a219-d163894826b5,Thomas Jenkins,2005-05-28,1213,Failed
53747789-4ffc-458e-b8f1-d39f671c0f85,Lawrence Beasley,1989-03-13,4351,Success
0a9d7601-5b8f-44dc-932b-c2685a5bf34c,Jeremiah Glass,2020-02-08,3954,Pending
1e01b1a8-1bee-45fb-ad12-515e1363bceb,Allison Wong,2006-05-01,3329,Failed
e3b0d761-12ca-408d-9a93-b22214d06a57,Shannon Brown,2010-05-03,1250,Failed
faab64de-fb76-4d42-8a3c-e684cc86718b,Melanie White,2002-02-23,426,Pending
2c585050-e235-4b62-8343-acad166a5d57,Kayla Smith,2015-05-01,1349,Failed
2bfe3497-8486-404a-87a4-9f5007c68fc1,Timothy Wang,1976-02-14,1383,Failed
ceefb0e8-7659-4ce5-9877-94eb9d25b91e,Preston Turner,2002-04-10,160,Pending
0b6dfbce-ff80-4b75-9f1f-b5e81f8f0a37,Miss Crystal Stewart MD,1973-09-25,2170,Success
16b380c1-f6c6-47a2-bafc-86a16859d0c9,Matthew Gutierrez,2024-10-29,1540,Pending
8af4397a-c1eb-4f5c-89ca-65c3162e23dc,Brian Reyes,1978-06-19,4174,Failed
6e1e2816-f442-4f29-b8c9-3791bb0209df,Cesar Munoz,2020-08-04,3727,Failed
e3c1adb2-bd91-4929-99cf-156d41548bbd,Caitlin Young,2016-03-12,2282,Success
10e0e634-e008-494c-a013-2840bab08cb5,Lori Mays,1999-06-04,2244,Success
a1dc0bab-20ca-441f-9b45-2f0fad12f861,Keith Roberts,1997-07-28,774,Pending
682db34a-f6f3-4396-87a6-2c6e9b54c350,Carrie Ball,2022-07-02,4513,Failed
a971527c-5c4a-4faf-9f92-54b69140b6c4,Earl Daniels,2001-04-14,4630,Failed
7bbb6e77-c1d2-40bc-94cf-b3b8e401658f,Christopher Shaw,1982-04-14,937,Success
fc30a13a-7986-4042-8d45-40cd0c8428dd,Jerry Bailey,2005-09-08,3441,Success
d3eb6168-4932-4ee1-9ab1-0be8d6e7763d,Tiffany Vasquez,2004-08-02,1640,Success
8c297545-ec2a-470c-ae5e-ef3a181b155f,Nathan Reid,2020-04-23,1212,Success
baee3d83-f5e5-4a6c-9c20-85e00169fdb2,Catherine Brown,1984-06-18,772,Success
c0a14615-7d6f-4fe3-a67a-c30324e1ba45,Becky Potter,1977-10-10,1779,Success
240e8324-e3fb-4ea6-9d52-ed9fd96b29bb,Cheryl Gonzalez,1980-05-02,2895,Failed
5cb6dac7-4ffc-4566-8398-2c1c4a840863,Cathy Landry,2025-03-13,1835,Failed
cc35e9f1-10e5-413b-a124-08ca1626daf6,Henry Alexander,1987-11-13,106,Pending
85340578-19e7-4ae2-829c-36d192634f31,Amanda Nguyen,1999-12-21,3707,Failed
bfc7dd2f-944f-4584-a07a-04aaff085dcc,David Smith,1995-10-08,423,Failed
c70d2c19-6f6a-46b8-bb15-59d2269dd27a,Jean Moses,1992-09-18,1456,Failed
882df59e-7dbf-4a8e-8a21-9dd57da618e0,Robert Crane,1971-11-07,3500,Pending
3b6cca4a-8190-4e83-a2e5-6c8faf7151a8,David Pearson Jr.,1980-06-14,798,Success
5383bfbe-e00f-4ae3-a5d0-08b28c8cee7b,Joe Scott,1986-09-21,4803,Success
fff5b490-a134-4b38-9d0e-1c02f0ac70fa,Kayla Rush,2012-01-19,3932,Failed
9bee4a5c-3727-4124-8f99-9ced04ff9797,Lisa Torres,1972-11-28,4281,Success
aedcfc72-ab9c-4abe-805c-29e2e34297c6,Kaitlyn Thomas,2018-08-13,1527,Pending
e4a0a92f-e5b9-4522-86be-efd752e1c056,Matthew Scott,1983-09-21,3199,Success
b1e2b39c-455c-4559-8894-8ed301db6c30,David Nelson,1989-03-22,3404,Pending
a5b92316-b8e5-4d8a-9682-f6a43437d7ea,Emily Johnson,1992-04-18,4610,Pending
9d2dcf46-f4a3-43f9-aba4-2f1148ab2dda,Kevin Baker,2012-11-02,1606,Failed
93546f24-af05-4a28-a430-b26b78e65f3b,Jacob Werner,2024-11-06,2994,Failed
71afef0a-80bb-49ee-91f9-afa5b50d2b07,Miss Madison Barry,2003-09-07,2828,Pending
cbd4240c-4a74-4345-a7f1-18bdcffed0aa,Michael Brennan,2014-07-20,411,Failed
dd9379a6-8771-40bf-9f2d-95c0c13cf91f,Heather Harper,2018-01-28,102,Pending
bab63278-9f2c-4084-b595-1abee76ec50a,Thomas Hayden,2020-09-05,1046,Failed
22fb7d4a-1dde-4104-9832-17d5b3485b4b,John Smith,1988-05-09,2437,Pending
149a55a3-e17d-4bd1-9054-04595ba2f656,Jason Williams,2009-07-30,2229,Pending
414ae6f0-b53f-4d9c-b13b-418780f556b0,Edward Mendoza,1983-11-27,2098,Success
ea21a021-60d0-4a9f-b609-069bb26066f3,Michelle Francis,1986-08-14,665,Failed
3a82d25b-4c72-40f7-8c7a-d84fe59a16a6,Dale Deleon,2022-07-26,4596,Success
2cd1a09f-6cbc-4f5f-9757-903d7b37582b,Kathryn Munoz,2006-08-17,2188,Success
463f4330-001e-4bdb-abff-2d230de3292a,Amanda Reid,2016-01-06,1757,Failed
fe54f5d5-b00b-4f76-8af1-46ad5d0a6d6a,Mary Hudson,1975-02-02,2154,Success
6365a259-179e-4023-9e66-c72f9b82bafc,Jonathan Sanchez,1978-12-19,1862,Pending
fbc51b56-c446-46a5-bd48-373907028ad5,Patricia Shepherd,1980-05-12,1369,Failed
604e6b9c-d8ad-4862-b151-2700b68035bc,Richard Lee,2010-04-03,4932,Failed
cda265f7-5c88-46f8-a6f0-f2cf338e8a14,Margaret Patterson,1973-10-19,3641,Failed
62027085-01af-4ecf-ab76-d73a20c05e92,Wesley Bond,1986-01-20,1841,Pending
b2fc52a1-94dc-4f32-8829-7972fdee2e3e,Cassandra Wiggins,1986-11-07,2259,Success
405909ec-f984-48e4-85bf-9c53c8ce0898,Holly Hernandez,1982-08-25,1658,Failed
61471ad7-ee59-46b8-add9-a6e9d3425f3a,Christopher Davis,1972-03-19,3894,Pending
57d501cd-6849-4743-b3e3-f1ebf4d0cf7f,Daniel Hunt DDS,2012-09-03,2288,Pending
4fe3ab19-533e-4651-8ead-1bd0074b4b63,Heidi Ramos,2020-12-13,974,Failed
35d7be81-ddd8-4cd4-a248-742cb4291d1c,Sarah Wilson,1979-02-08,1750,Pending
2d94bf91-3ad9-4164-84bb-944a7f1fafc5,Amanda Jones,1980-02-18,3802,Success
4e0b7f23-eeda-4166-9309-08f7635357e9,Dillon Henderson,2007-03-29,4570,Failed
019f0f41-8aa6-40ac-b8f6-12af1622b673,Mary Roy,1995-02-01,968,Failed
c256e131-be94-4ef6-9afc-f5e242e0eeac,Timothy Lewis,2005-03-23,3275,Pending
1566265c-c256-4eb6-9f61-38ecdbe4e27d,Holly Young,2002-09-18,222,Success
04c0e46e-3af0-4770-8b56-b3a7956eb486,Lori Baker,1989-04-14,526,Pending
a20db1fa-4ab5-4fe7-978a-0f8a988e950e,Bridget Ortega,2016-01-09,1980,Success
66395138-f2a1-42db-8729-b97343e8cac8,James Clark,1976-07-01,2178,Failed
4b3d1b14-ec6b-4e55-b88b-58c7c85bdad4,Dustin Meyer,1977-10-25,2643,Failed
0c2a0d2b-2ab7-414e-b8ca-43db4826d822,Madison Park,1992-06-11,2225,Failed
f11f366e-73c6-4af5-95b0-3bb16e65c103,Jacob Ferrell,1995-02-05,1099,Failed
322f52be-f080-4d8e-a6e4-c05e4f2a9d6c,Thomas Morales,1990-03-24,3377,Pending
edd57b58-3935-47f4-9525-268ecb9a93fe,Lisa Moran,2020-04-28,295,Pending
a799e0c7-effe-4f60-b8e9-0430ae054cdc,Erica Rivera,2017-03-30,2456,Pending
03f8904a-0515-4a4c-9a84-755eb51c8a2c,Gary Sanders,2023-08-11,4602,Success
400580c5-9b85-4ca6-aafb-7a2ddb96de48,Lisa Williams,2020-01-06,2012,Failed
c5c22210-55ee-41fb-9bdb-66bc140d10b9,Luke Carr,2014-07-05,2246,Pending
bdc9dab3-b9f6-4a34-871f-a4cfb63f498a,Tiffany Duran,1997-01-23,4743,Failed
d45d324b-e1bb-4695-9a43-0a8fa527f41c,Felicia Craig,2002-01-12,564,Pending
da1cde76-c073-463b-a3e5-4d75d785572e,Jacob Calderon,2011-08-25,3487,Pending
6c622fcc-f2ea-4227-8eb0-b517ee1bedaa,Andre Hansen,2006-08-04,4286,Failed
c1584975-78fb-4d64-9690-583f388bf8a5,Sandra Jones,1978-07-13,2020,Pending
98d0d7d3-8e58-46b9-89be-f6069d3673c7,Chelsey Campbell,1973-08-22,2405,Success
f83860c3-75c3-4b12-beb6-a9c9016f37fb,Jessica Allen,1975-09-30,4105,Failed
3641344b-ae1d-42a8-87af-5ad0de1931ba,Mark Garcia,1999-08-13,155,Success
1e47a7e7-ed28-413e-8c21-983935cf1ad2,Ashley Reynolds,1986-04-19,4593,Success
52bb561c-709e-4834-bee4-a14dd36e0ddd,John Terry,1990-04-10,4616,Pending
7935e3bb-fedc-47e0-836a-143dbfc0faf1,Jacob Chapman,1970-08-14,1390,Success
9d1fa697-f920-4f3b-9abe-68feeb302435,Carrie Rodriguez,1971-09-27,4842,Failed
fb842d49-3319-4cf8-96d9-bf4f577c274b,Diane Jackson,2025-08-10,3007,Failed
20e3aed5-8480-4faa-b227-96002ba80d19,Samantha Parker,1988-01-06,1258,Failed
197956f3-13d6-435e-bbad-70d8e7d72a57,Tyrone Whitaker,1983-10-23,4024,Success
6874c454-412b-4931-bc4c-e899c09420e8,Shelly Carroll,2011-11-19,239,Failed
fa0e5c27-a31a-4a73-aab1-508c4dc752f9,Charlotte Dominguez,1973-12-30,3811,Failed
e6b23d3c-0671-4ef2-94ef-f9cd2908e5ae,Jason Graham,1981-09-26,1525,Pending
70b9e487-e8ea-40bc-ba71-d7907512b785,Nancy Palmer,2019-11-06,2406,Failed
8145fb8f-f226-463a-85f2-3e1252a2b435,David Wiggins,1992-04-27,2354,Success
98a41111-b4fa-47bc-b799-af46145020b6,Sara Ball,1999-04-16,2989,Pending
a9a61477-6b1c-46b8-8da6-c6daabf9e67f,Jennifer Rodriguez,2005-05-27,2666,Pending
b6ffa02e-f003-4b81-a027-fd39be3a21d0,Michael Smith,2024-11-08,2982,Failed
a645c74b-6557-4cba-b538-c3980c62a6c3,Allison Scott,1997-11-08,3344,Pending
3a3c70b5-2490-44f8-b3d5-d4ae805699cb,Dustin Walls,2019-10-12,3005,Pending
86d2fade-4660-40ca-82ea-5f3426c9f6e6,Cheryl Robles,1997-06-26,1305,Pending
c372bf94-39cc-4e0e-a729-fda9006bf3ba,Rachel Conley,2011-07-17,2469,Failed
96d8a929-dc83-495e-9965-d36cefcbc1f1,Alexandria Hernandez,1985-04-04,1202,Success
b9fa3de1-bf83-444d-b447-b1ca90588074,Harry Rice,1988-05-17,3537,Success
9d6d72b5-5551-4d8e-972d-8a9ad053f84c,Jeff Anthony,1988-01-20,3863,Failed
15a8a142-0b92-479d-a378-4f217df3bebf,Melanie Atkinson,1974-08-24,2682,Pending
14834f89-68d6-4996-80d4-38381a70c441,Heather Thomas,2008-09-12,4397,Failed
14a4dc7e-b573-45f6-832b-65e00831144a,Casey Gibbs,1974-02-24,4868,Pending
4168beb5-45a9-4d2f-bc12-0c87ac63ec5e,Matthew Wheeler,2008-11-27,3450,Failed
9b1c111f-88ee-442c-b233-036e96b2b960,Christopher Hess,2007-08-03,1832,Success
37aa5c10-2f41-4736-8b9a-8ab7277bc463,Mary Barnes,2015-04-05,3172,Pending
fbb7d276-1673-4faf-9b77-49a14fb48572,Michelle Wright,2010-04-25,224,Success
17085237-8b9d-4787-8faf-1d03f7ef8327,James Rogers,2008-07-14,2501,Pending
ab2b24c6-c5d5-4e7f-ad8b-3c9816879a6a,Kevin Mendoza,2021-01-24,4512,Pending
c7014abe-a1a7-48a3-baae-bee1223f82ba,Tammy Wheeler,1994-08-28,4652,Success
50605280-dc06-4c86-a1d5-6c7d15d72032,Bradley Bell,1971-07-14,1696,Pending
8ee4c6f7-90a6-43d9-8c02-521ec2a25fd9,Felicia Schmidt,2001-12-24,2268,Failed
93449274-b1e5-4aa3-8c6c-bfd4f46fc471,Robert Mann,2023-12-07,1930,Pending
940dfe28-3c97-4d53-9a5c-e106708cf6cb,Michael Melton,1976-04-06,3287,Success
506e14d9-adcd-4348-a355-e15aae431886,Joseph Scott,2020-03-07,1115,Success
49148b89-3c6a-495c-87e1-e572161aef8c,Renee Franklin,1973-08-08,2821,Failed
a945759f-efce-46ab-8583-681b01777b35,Hunter Jenkins,2000-04-01,1858,Failed
a90d9a9b-181c-4a25-865a-c746ca94d209,Shannon Richards,2000-01-09,4510,Failed
6dfadc67-1837-4f07-b411-76775e9b10da,Mr. Brent Ellis,1970-11-13,2168,Pending
7f6237cc-221b-4718-ad9f-614ada522d50,Kimberly Graves,1988-02-14,3712,Pending
c8ace373-83c5-476f-86ae-247dff186e71,Edward Lopez,1983-10-30,2148,Pending
278f7c2b-7427-431b-8fd4-c998f9664072,Jeremy Schmidt,1972-09-24,482,Success
ff066952-28c8-4450-a09b-569a715a2f37,Caroline Robbins,1973-01-09,1946,Success
447b2672-d03e-4319-a750-c43e0bceb2a8,Amy Knapp,2015-05-06,3971,Success
e3c82b0f-d66f-465a-9e80-826d313abe16,Daisy Hopkins,2002-08-06,4705,Pending
af2c9fb6-8607-4b47-a617-824786d05629,Amanda Morrow,2020-02-27,760,Failed
79fea8bf-d1f4-45c9-8403-0cb821b3be26,Jose Ho,2020-12-03,705,Failed
a46d4972-c8fa-4c34-91b0-97650b179065,Jasmine Jones,2015-10-26,2229,Failed
1fc8875e-f53e-4c99-86a8-2fabb87fd100,Kayla Kelly,2025-01-10,1998,Failed
8348d6a0-10cb-442c-8306-e8c10d68ab4f,Ms. Amanda Butler,2007-04-30,441,Pending
fb80620f-2b0f-40d1-a4be-80bcf9e9689e,Emily Smith,1981-07-23,4653,Success
882ca682-c3df-4577-b7fd-22ad5e304029,Timothy Flores,1986-12-10,4119,Failed
240272ad-6fd8-4c89-8cb9-3b38148052f4,Dominic Johnson,1985-12-31,1910,Pending
436074f1-02ff-494c-ac1a-6962a7636dc5,Kimberly Young,1993-01-10,2842,Failed
e525df9a-b10d-46f9-aa8d-ab8ce3aea377,Joseph Blake,1981-05-05,4865,Pending
6b36ad0e-cceb-44dd-80db-5ec59f7b6656,Cory Cabrera,1970-07-15,1638,Pending
fe7cf3a4-ecbc-47d2-a7af-30735924a751,Nicole Mcdonald,2022-04-27,1402,Pending
335cdd95-e90d-4331-ab26-2e8a9d37b8b5,Kelsey Edwards,2007-08-04,2519,Success
f76b8e0d-95fe-4237-9285-e830891adc7f,Christopher Shaffer,1974-05-21,766,Pending
78da54fd-5024-48b6-ad10-8f184dcc883c,Natalie Salazar,1985-03-14,667,Pending
c79fe0e9-398b-44e2-8efc-6e460cad4ddc,Caleb Chapman,2011-07-19,626,Pending
27f99ca3-0ecb-4b16-8e61-ef99a4884189,Amber Newman,2020-10-27,3870,Pending
01b6f71e-1646-4a03-af69-c338278360be,Denise Booker,2015-04-12,1957,Success
8f13885f-e964-4faf-a87f-3da337c8a4f7,Angie Smith,1990-11-20,1226,Pending
120a9545-218d-4d85-bd31-bb210255c852,Tammy Gentry,1974-04-23,4604,Success
c57afac2-f524-4e03-b487-3c7f40ff9613,Wayne Rodriguez,2023-12-23,1904,Success
c326cc9b-af80-4aac-b3fa-9cea3e0ffdcc,Barry Doyle,1979-02-18,1280,Failed
54caf7d7-9b41-426d-ad5d-fae62973d5e6,Jacqueline Sims,1971-01-05,2648,Failed
ba4a0343-1484-4bfe-87f1-57c94331d250,Jessica Lam,1971-01-28,2728,Success
d66f80d8-4002-4899-b5b9-3914d7b8af12,Jessica Johnson,2000-04-15,4099,Success
e5957c12-0138-45a5-89f6-1a7b6712238a,John Fischer,2002-03-19,3232,Failed
72538239-fd0c-4cd7-9820-3ed9b211d3b5,Stacy Alexander,1975-08-01,2391,Pending
d60de5c6-4647-461d-bbef-ee206bdb95e1,Devin King,1985-12-14,3305,Success
b9957257-e2ab-4c46-88cf-24e1fab19879,Adam Roy,1983-12-30,2424,Failed
5fe0a4a1-b879-4290-b426-62c9e59ac5a3,Andrea Reed,2003-06-03,292,Pending
4c95dc52-e9f6-4181-9430-261220fb86a0,Bradley Ellison,2013-11-06,4843,Failed
