Transaction ID,Customer Name,Date,Amount,Status
TXN00001,John Simmons,2025-08-03,4303.32,Success
TXN00002,Kevin Jackson,2024-12-04,1598.42,Pending
TXN00003,Nicole Riggs DVM,2024-12-28,1071.19,Success
TXN00004,Kevin Meyer,2025-06-10,1011.87,Failed
TXN00005,Katherine Klein,2025-10-04,2943.05,Failed
TXN00006,Douglas Perkins,2025-06-09,1201.63,Failed
TXN00007,Brenda Henderson,2024-10-30,4077.27,Failed
TXN00008,Heather Johnson,2024-12-15,3949.73,Pending
TXN00009,Michele Castillo,2025-01-16,4484.94,Pending
TXN00010,Ashley Chandler,2025-08-12,2340.57,Failed
TXN00011,Ian Rogers,2025-02-12,4486.61,Success
TXN00012,Thomas Bishop,2025-04-08,3259.39,Failed
TXN00013,Chad Williams,2025-04-27,4578.68,Pending
TXN00014,Shelly Rodriguez,2025-03-18,2456.24,Failed
TXN00015,Kenneth Terry,2025-05-10,1575.13,Success
TXN00016,Jenny Rose,2025-04-18,2219.2,Pending
TXN00017,Wendy Wilson,2024-12-31,1468.57,Pending
TXN00018,Nancy Austin,2024-12-01,147.48,Failed
TXN00019,Ruth West,2025-04-15,1461.42,Failed
TXN00020,Sheena Ball,2024-12-13,4475.76,Pending
TXN00021,Andrew Foster,2025-02-05,4779.94,Success
TXN00022,Joshua Tran,2025-10-07,3788.35,Success
TXN00023,Wayne Perez,2025-07-01,1279.98,Success
TXN00024,Colleen King,2025-04-05,4577.06,Pending
TXN00025,Stephanie Shaw,2025-07-09,4863.71,Failed
TXN00026,Robert Foster,2025-02-05,2878.97,Success
TXN00027,Matthew Moore,2025-07-12,4429.76,Failed
TXN00028,William Knight,2025-01-22,1518.95,Success
TXN00029,Eric Thompson,2025-07-22,4712.45,Success
TXN00030,Jacob Hunt,2024-11-29,1495.55,Success
TXN00031,Stephanie Stevens,2025-09-02,3443.2,Failed
TXN00032,Stacie Jones,2025-04-26,775.48,Pending
TXN00033,Joy Boyd,2025-01-25,876.4,Success
TXN00034,David Cruz,2025-02-02,2736.17,Success
TXN00035,Jonathan Booth,2025-04-02,802.54,Failed
TXN00036,Amanda Aguilar,2025-03-13,3846.63,Failed
TXN00037,Phillip Reese,2025-05-23,3186.97,Success
TXN00038,Maria Bruce,2025-09-20,670.12,Pending
TXN00039,Olivia Vasquez,2025-01-14,2826.01,Failed
TXN00040,Justin Rivera,2025-02-04,3781.51,Failed
TXN00041,Troy Rhodes,2025-03-17,2353.46,Pending
TXN00042,Jeffrey Park,2025-06-15,4336.96,Success
TXN00043,Danielle Snow,2025-06-04,380.91,Success
TXN00044,John Cunningham,2025-06-24,1998.63,Pending
TXN00045,Audrey Zhang,2025-06-05,170.89,Success
TXN00046,Jacqueline Cox,2025-01-11,2452.16,Success
TXN00047,Rodney Martinez,2025-06-30,3144.78,Success
TXN00048,Andrew Gould,2025-04-04,4706.23,Success
TXN00049,Mary Howe,2025-08-08,4382.76,Success
TXN00050,Keith Nichols,2025-08-23,3081.73,Failed
TXN00051,John Garcia,2024-11-11,3451.69,Success
TXN00052,Jeffrey Barnett,2025-04-06,2830.63,Pending
TXN00053,Julie Edwards,2024-12-01,832.09,Pending
TXN00054,Charles Davis,2025-08-19,4080.7,Success
TXN00055,Jodi Nolan,2025-05-14,4649.84,Failed
TXN00056,Sarah Hughes,2024-12-12,1489.9,Pending
TXN00057,Nathan Lang,2025-06-27,3161.13,Success
TXN00058,Cody Campbell,2025-03-18,1269.18,Failed
TXN00059,Veronica Lin,2025-08-01,1455.03,Success
TXN00060,Larry Solis,2025-04-18,1400.93,Success
TXN00061,Robin Barker,2025-08-21,4267.52,Failed
TXN00062,Troy Contreras,2025-05-17,1142.35,Success
TXN00063,Deborah Mclean,2025-06-22,4384.57,Success
TXN00064,Michael Wood,2025-07-12,4974.16,Success
TXN00065,Sherri Robbins,2025-07-25,3198.72,Pending
TXN00066,Amanda Brown,2024-11-13,1195.2,Failed
TXN00067,Wendy Wilson,2024-11-06,2915.72,Pending
TXN00068,David Burgess,2025-08-23,3303.04,Success
TXN00069,Julie Collins,2025-04-01,1000.09,Success
TXN00070,Peter Hall,2025-07-18,3171.75,Failed
TXN00071,Sarah Khan,2025-10-22,3193.78,Failed
TXN00072,Lauren Jones,2025-02-08,440.45,Failed
TXN00073,Melanie Smith,2025-05-12,168.02,Failed
TXN00074,Deborah Wilson,2025-05-21,4869.35,Failed
TXN00075,Michael Nguyen,2025-10-16,581.23,Success
TXN00076,Kiara Mcbride,2025-03-24,3943.94,Failed
TXN00077,Connor Peters,2025-05-08,1480.99,Failed
TXN00078,Theresa Reed,2024-11-18,92.73,Pending
TXN00079,Hector Perez,2025-03-27,2684.59,Pending
TXN00080,Ryan Mcconnell,2025-06-08,1966.71,Success
TXN00081,Elizabeth Mcdowell,2025-03-05,1471.75,Success
TXN00082,Dylan Clark,2025-07-31,1835.38,Success
TXN00083,Joel Gardner,2025-08-28,709.51,Pending
TXN00084,Patrick Taylor,2025-07-03,1285.08,Pending
TXN00085,Terri Grimes,2025-04-14,3020.35,Success
TXN00086,Gary Alvarez,2025-04-16,2481.63,Success
TXN00087,Johnathan Medina,2025-04-25,481.72,Success
TXN00088,Dylan Fowler,2025-03-17,2444.67,Pending
TXN00089,Jo Ross,2024-12-11,321.99,Success
TXN00090,Shelby Ruiz,2025-01-04,846.58,Failed
TXN00091,Ann Benjamin,2025-08-16,1588.59,Failed
TXN00092,Kristina Strickland,2025-04-29,762.33,Pending
TXN00093,Samantha Garcia,2025-02-19,3990.33,Pending
TXN00094,Michael Calhoun,2025-09-15,1865.22,Pending
TXN00095,Erika Prince,2025-07-23,3299.2,Pending
TXN00096,Jennifer Collins,2025-05-06,3102.59,Failed
TXN00097,Susan Kemp,2025-04-08,4906.27,Success
TXN00098,Laura Oconnell,2025-04-14,81.94,Pending
TXN00099,Travis Mills,2025-08-15,3827.74,Pending
TXN00100,Daniel Bowman,2025-03-07,2624.8,Pending
TXN00101,Alice Williams MD,2025-03-27,1474.91,Success
TXN00102,Nicole Wise,2024-11-23,4126.55,Success
TXN00103,Douglas Cordova,2025-09-07,4408.14,Success
TXN00104,Ray Keller,2025-03-11,1655.56,Success
TXN00105,Kathy Harris,2025-05-14,2343.29,Pending
TXN00106,Heather Lee,2025-01-23,2659.81,Success
TXN00107,Julian Williams,2025-06-19,4867.72,Success
TXN00108,Danielle Barajas,2025-01-17,1765.85,Pending
TXN00109,Jonathon Forbes,2025-10-09,3268.96,Pending
TXN00110,Sheila Franco,2025-01-24,385.32,Failed
TXN00111,Cynthia Snyder,2025-08-28,3718.83,Failed
TXN00112,Henry Riggs,2025-03-29,2752.08,Pending
TXN00113,Carl Serrano,2025-07-24,4745.67,Pending
TXN00114,Paige Harris,2025-01-01,1044.42,Failed
TXN00115,Jonathan Fields MD,2025-07-09,867.53,Pending
TXN00116,Kristen Clark,2025-03-02,1896.04,Failed
TXN00117,Mrs. Erica Stephenson,2025-02-12,666.07,Failed
TXN00118,Kyle Hensley,2024-11-11,2583.29,Success
TXN00119,Maria Moore,2025-08-12,2575.0,Failed
TXN00120,Willie Santiago,2025-06-08,4175.99,Pending
TXN00121,Gary Flores,2025-01-10,1885.4,Failed
TXN00122,Anthony Austin,2025-08-01,4427.91,Pending
TXN00123,Deanna Murray,2025-08-29,2137.81,Pending
TXN00124,Karen Dyer,2024-11-04,1509.09,Pending
TXN00125,Teresa Colon,2025-08-17,505.52,Failed
TXN00126,Sarah Williams,2025-05-30,1886.19,Failed
TXN00127,Michael Rivera,2024-12-21,4090.34,Failed
TXN00128,Nichole Green,2025-08-02,3245.0,Pending
TXN00129,Justin Rios,2025-05-15,1573.62,Failed
TXN00130,Michael Brown,2024-11-25,3297.77,Failed
TXN00131,Michelle Sanchez,2025-03-29,3397.76,Pending
TXN00132,Michael Boyd,2024-12-20,1673.78,Failed
TXN00133,Maria Solis,2025-03-28,1384.92,Success
TXN00134,Susan Williams,2025-06-13,339.39,Pending
TXN00135,Charles Young,2025-09-22,4617.73,Pending
TXN00136,Jocelyn Castro,2025-07-28,371.78,Failed
TXN00137,Lindsay Robinson,2024-11-16,1262.09,Success
TXN00138,Sharon Navarro,2024-12-06,686.35,Failed
TXN00139,Jason King,2025-05-24,1427.06,Success
TXN00140,Lisa Wilson,2024-11-10,4611.74,Failed
TXN00141,Caitlin Hardin,2025-06-03,573.11,Failed
TXN00142,Suzanne Johnson,2025-02-07,2735.44,Pending
TXN00143,Adam Logan,2025-03-03,1926.6,Failed
TXN00144,Thomas Hamilton,2025-06-19,815.23,Success
TXN00145,Nathaniel Braun,2024-11-14,4731.28,Success
TXN00146,Daniel Patterson,2025-10-23,4633.39,Pending
TXN00147,Clarence Brewer,2024-12-04,3421.65,Failed
TXN00148,Ms. Jessica Martinez DDS,2025-06-03,325.23,Failed
TXN00149,Nathaniel Walton,2025-02-28,4989.4,Pending
TXN00150,Scott Vaughan,2025-06-20,2144.79,Success
TXN00151,Ian Hammond,2025-05-05,505.33,Success
TXN00152,Rebecca Cooper,2024-12-21,3807.27,Failed
TXN00153,Lauren Wu,2024-12-11,1811.63,Pending
TXN00154,Brenda Clark,2025-05-04,305.24,Pending
TXN00155,Tyler Townsend,2025-07-28,2703.68,Success
TXN00156,Joseph Nelson,2025-07-02,4732.64,Pending
TXN00157,Brian Gutierrez,2024-12-16,2108.08,Failed
TXN00158,Susan Travis,2024-12-14,2367.32,Failed
TXN00159,Cameron Moore,2024-12-10,4818.91,Success
TXN00160,Daniel Noble,2025-03-17,2226.96,Success
TXN00161,Ashley Ingram,2025-09-09,660.61,Success
TXN00162,Katherine Cummings,2025-01-19,2208.05,Success
TXN00163,Mark Alexander,2025-03-07,845.22,Pending
TXN00164,John Drake,2025-08-24,754.47,Success
TXN00165,Alexander Walker,2025-07-14,282.47,Failed
TXN00166,Anne Flores,2025-05-21,610.88,Success
TXN00167,Darius Carlson,2025-05-15,3496.52,Pending
TXN00168,Jennifer Johnson,2025-06-15,685.16,Success
TXN00169,Anthony Phelps,2025-03-08,2482.21,Failed
TXN00170,Carla Cooper,2025-01-02,2774.29,Success
TXN00171,Annette Mathis,2025-02-25,4623.97,Success
TXN00172,Joshua Charles,2024-11-08,978.02,Failed
TXN00173,Felicia Hodge,2024-12-22,4646.48,Failed
TXN00174,Raymond Chapman II,2025-10-24,386.71,Failed
TXN00175,Amber Roberts,2024-12-19,2306.02,Success
TXN00176,Douglas Brown,2025-09-09,4587.6,Pending
TXN00177,Daniel Beard,2024-12-10,309.17,Success
TXN00178,Justin Torres,2025-02-07,826.28,Failed
TXN00179,Sarah Anderson,2025-03-23,2408.92,Failed
TXN00180,Jessica Carr,2025-04-11,4127.89,Failed
TXN00181,Yvonne Ayala,2025-08-08,609.26,Success
TXN00182,Darlene Walker,2024-11-09,1184.36,Pending
TXN00183,Meghan Torres,2025-01-31,4683.05,Pending
TXN00184,Douglas Bryant,2025-09-20,1520.63,Failed
TXN00185,Jeffrey Cross,2025-06-14,2829.23,Success
TXN00186,Stephanie Bishop,2025-10-02,3029.64,Success
TXN00187,Andre Olson,2025-07-09,4122.94,Success
TXN00188,Brenda Allen,2025-02-21,356.07,Success
TXN00189,Danielle Sanders,2024-12-09,1754.37,Pending
TXN00190,Carolyn James,2024-11-26,238.09,Failed
TXN00191,Yolanda Newman,2025-10-26,3686.99,Failed
TXN00192,Sylvia Gonzalez,2024-12-08,3714.8,Failed
TXN00193,Jason Guzman,2025-06-10,4811.27,Success
TXN00194,Robert Weaver,2024-11-29,952.77,Success
TXN00195,Tracy Johnson,2024-12-28,4130.56,Pending
TXN00196,Christopher Wagner,2025-05-03,1091.89,Pending
TXN00197,Bryan Jones,2025-05-15,162.5,Pending
TXN00198,Stephanie Collins,2025-02-26,738.24,Failed
TXN00199,Samantha Dominguez,2025-07-04,3165.75,Pending
TXN00200,Holly Day,2025-01-26,4783.31,Success
TXN00201,Julie Koch,2024-11-16,903.89,Pending
TXN00202,Pamela Johnson,2025-05-10,1274.38,Success
TXN00203,Alexandra Barajas,2025-07-01,3321.99,Success
TXN00204,Lori Thompson,2025-08-19,2322.61,Success
TXN00205,Marcus Park,2025-01-08,3952.32,Pending
TXN00206,Dr. Anne Anderson,2024-12-05,4638.28,Success
TXN00207,Joseph Harris,2025-10-18,720.05,Failed
TXN00208,Hayley Robinson,2025-09-01,359.49,Success
TXN00209,Mr. Gary Jones DVM,2025-01-31,3384.74,Success
TXN00210,Emily Fox,2025-07-24,1095.68,Failed
TXN00211,Dale Williams,2025-09-02,1672.57,Pending
TXN00212,Lauren Weaver,2025-04-11,4752.78,Success
TXN00213,Zachary Warren,2025-05-31,2732.53,Failed
TXN00214,Danny Duncan,2025-09-23,598.52,Pending
TXN00215,Kathryn Wright,2025-07-09,4911.7,Failed
TXN00216,Amanda Garcia,2025-08-18,4902.01,Pending
TXN00217,Alexis Reynolds,2025-01-07,1615.2,Success
TXN00218,Martin Alvarez,2025-10-05,154.85,Success
TXN00219,Katherine Dean,2025-06-24,3959.42,Pending
TXN00220,Robert Coleman,2025-06-20,956.72,Failed
TXN00221,Christopher Trevino,2025-03-13,4497.79,Pending
TXN00222,Laura Meyer,2025-02-20,4236.1,Failed
TXN00223,Teresa Michael,2025-08-04,1150.59,Failed
TXN00224,Danielle Green,2025-03-02,2214.22,Success
TXN00225,Maria Stewart,2025-09-13,1252.44,Failed
TXN00226,Ms. Danielle Brown,2025-02-11,4761.31,Success
TXN00227,Amy Soto,2025-03-13,3876.57,Failed
TXN00228,Richard Hodges,2024-12-04,4998.63,Pending
TXN00229,Heather Haley,2024-11-11,1507.23,Failed
TXN00230,Jon Garcia,2025-10-23,499.53,Pending
TXN00231,Patrick English,2025-06-11,1240.72,Pending
TXN00232,Xavier Santiago,2025-08-03,4218.95,Failed
TXN00233,Kimberly Jackson,2025-01-01,3337.16,Failed
TXN00234,Veronica Ramos DVM,2025-05-29,4639.25,Success
TXN00235,Jason Hill,2025-03-14,691.35,Pending
TXN00236,Pamela Williams,2025-08-21,4234.1,Pending
TXN00237,Rebecca Smith,2025-03-09,4771.55,Failed
TXN00238,Chad Parker,2025-06-29,72.72,Failed
TXN00239,Jeffrey Love,2025-07-26,4995.38,Success
TXN00240,Ashley Jones,2025-03-27,4202.89,Success
TXN00241,Brett Olson,2025-10-02,2425.67,Pending
TXN00242,Abigail Suarez,2025-10-17,2847.82,Failed
TXN00243,Amber Ford,2025-10-05,700.7,Failed
TXN00244,Jenny Prince,2025-07-16,4317.93,Pending
TXN00245,Ryan Kim PhD,2025-10-14,1009.92,Failed
TXN00246,Charles Benson,2025-10-04,4169.91,Pending
TXN00247,David Romero,2025-02-16,470.28,Failed
TXN00248,Jennifer Williams,2025-01-24,2822.29,Failed
TXN00249,Maria Reynolds,2025-04-14,4678.64,Success
TXN00250,Jessica James,2025-07-25,204.4,Failed
TXN00251,Aaron Cunningham,2025-02-18,544.16,Success
TXN00252,Wyatt Williams,2025-07-08,2600.49,Pending
TXN00253,Alicia Cross,2025-07-06,1739.2,Success
TXN00254,Heidi Jacobs,2025-01-04,2774.21,Success
TXN00255,Nicholas Villa,2025-05-05,120.67,Pending
TXN00256,Jennifer Perkins MD,2025-08-31,2106.8,Success
TXN00257,Lisa Johnson,2025-05-25,909.73,Pending
TXN00258,David May,2025-04-21,280.31,Failed
TXN00259,Mrs. Michele Whitaker,2025-10-03,162.86,Pending
TXN00260,Joseph Powell,2024-11-10,3979.14,Success
TXN00261,Kathryn Mueller,2025-02-11,131.37,Failed
TXN00262,Kimberly Lyons,2025-04-26,547.72,Pending
TXN00263,Kathy Todd,2025-08-29,2182.95,Pending
TXN00264,Jessica Flores,2025-08-18,4229.61,Success
TXN00265,Audrey Johnson,2025-04-15,4965.91,Pending
TXN00266,Kara Bell,2024-12-01,1483.8,Success
TXN00267,Charles Vance,2025-03-16,2488.35,Success
TXN00268,Glenn Stein,2025-03-12,582.58,Pending
TXN00269,Robert Sharp,2025-07-18,1933.45,Pending
TXN00270,Jonathan Cowan,2025-02-06,1611.05,Success
TXN00271,Nathaniel Pearson,2025-09-04,3316.27,Failed
TXN00272,Joshua Page,2025-08-09,4279.38,Pending
TXN00273,Sarah Daniel,2024-11-07,4872.95,Pending
TXN00274,Rebecca Cook,2025-10-12,3819.55,Failed
TXN00275,Andrew Bailey,2024-11-17,1345.58,Success
TXN00276,Cameron Chavez,2025-04-26,1791.3,Success
TXN00277,Michael Livingston,2025-03-20,1110.08,Failed
TXN00278,Ryan Schaefer,2025-09-14,4476.21,Pending
TXN00279,Jessica Pratt,2025-09-12,1579.3,Success
TXN00280,Steven Brandt,2025-04-30,680.55,Failed
TXN00281,Dennis Hawkins,2025-05-26,3252.68,Success
TXN00282,John Harrison,2025-03-13,1996.0,Success
TXN00283,Benjamin Perry,2025-08-06,329.72,Failed
TXN00284,Luke Gutierrez,2025-01-04,3151.68,Pending
TXN00285,Daniel Daniels,2025-05-12,4341.72,Pending
TXN00286,Heidi Payne,2025-05-02,1569.01,Failed
TXN00287,Lauren Tucker,2025-02-27,4898.14,Success
TXN00288,Charles Buckley,2024-12-07,2255.04,Pending
TXN00289,Katherine Greene,2025-05-10,4052.33,Pending
TXN00290,Jeffrey White,2025-10-21,2224.32,Pending
TXN00291,Johnny Brown,2024-11-09,3501.99,Failed
TXN00292,Morgan Chambers,2025-02-18,1001.9,Failed
TXN00293,Andrea Mason,2025-07-08,3046.31,Pending
TXN00294,Megan Barrett,2025-07-10,2987.06,Pending
TXN00295,Jeremiah Smith,2025-03-24,2365.37,Pending
TXN00296,Briana Ramirez,2024-12-11,3808.16,Success
TXN00297,Angela Richardson,2025-09-05,1461.96,Success
TXN00298,Justin Bradshaw,2025-07-22,1602.29,Pending
TXN00299,Olivia Butler,2025-07-14,477.08,Pending
TXN00300,Douglas Coffey,2025-02-04,944.5,Failed
TXN00301,Jessica Davis,2025-07-07,1914.88,Failed
TXN00302,Corey Blake,2025-06-27,4412.19,Pending
TXN00303,Rose Mitchell,2025-03-27,1510.4,Pending
TXN00304,Wendy Foster,2025-09-17,942.51,Pending
TXN00305,Cole Nelson,2024-11-03,1622.8,Pending
TXN00306,Amanda Moses,2025-05-09,1662.84,Pending
TXN00307,Cynthia Peters,2025-01-20,1730.19,Success
TXN00308,Kyle Rogers,2025-05-28,1700.51,Pending
TXN00309,Nicole Wagner,2025-02-12,4338.81,Pending
TXN00310,Ian Hughes,2025-06-02,4496.66,Success
TXN00311,Jay Miller,2025-08-06,3385.21,Failed
TXN00312,Wesley Santos,2025-03-05,1431.21,Failed
TXN00313,Lisa Sanchez,2025-04-25,4869.81,Failed
TXN00314,Sherry Flores,2025-10-07,628.0,Failed
TXN00315,Michael Mills,2025-10-21,1166.94,Pending
TXN00316,Edward Clark,2025-10-18,4077.19,Failed
TXN00317,Luke Villarreal,2025-08-20,4492.63,Pending
TXN00318,Marissa Brown,2025-07-12,2237.43,Failed
TXN00319,Eileen Sanchez,2025-07-19,453.86,Success
TXN00320,Michael Andrews,2025-10-07,3441.43,Success
TXN00321,Matthew Brown III,2025-03-15,4667.25,Pending
TXN00322,Julia Lee,2025-05-01,3066.5,Failed
TXN00323,Robin Mendoza,2025-03-12,819.13,Failed
TXN00324,Benjamin Smith,2024-11-13,1845.79,Pending
TXN00325,Curtis Harris,2025-09-24,511.17,Success
TXN00326,Gabriella Baker,2025-03-17,3135.8,Success
TXN00327,Katherine Barnes,2025-04-12,526.99,Success
TXN00328,Emma Martinez,2025-01-27,740.1,Failed
TXN00329,Alexis Sharp,2025-07-01,1209.47,Pending
TXN00330,Heather Martinez,2025-06-20,964.09,Pending
TXN00331,Tammy Young,2025-04-07,1548.55,Failed
TXN00332,Robert Moran,2025-04-08,53.39,Pending
TXN00333,Travis Frazier,2025-10-09,856.24,Pending
TXN00334,Christine Hoffman,2025-10-08,3356.83,Failed
TXN00335,Sonya Cunningham,2024-12-27,4407.28,Pending
TXN00336,Karen Williams,2025-01-29,1136.77,Pending
TXN00337,Jennifer Vincent,2025-02-10,791.63,Success
TXN00338,Craig Williams,2025-09-16,1971.43,Pending
TXN00339,Karen Evans,2025-07-26,418.62,Success
TXN00340,William Griffin,2025-04-30,1557.83,Success
TXN00341,Beth Mcdonald,2024-11-10,2714.13,Pending
TXN00342,Timothy Monroe,2025-01-12,1877.31,Failed
TXN00343,Janet Cohen,2025-05-28,3459.94,Success
TXN00344,Julian Garcia,2025-09-05,823.25,Pending
TXN00345,Karen Johnson,2025-08-30,2408.77,Failed
TXN00346,Gregory Sandoval,2025-01-16,2012.05,Pending
TXN00347,Sheila Lopez,2024-12-21,783.31,Failed
TXN00348,Natalie Lopez,2025-07-07,4043.34,Success
TXN00349,John Beltran,2025-07-11,252.68,Success
TXN00350,Nicole Campos,2025-02-19,1247.53,Pending
TXN00351,Tammy Warren,2024-11-10,1420.65,Pending
TXN00352,Adam Ramos,2025-06-05,1454.04,Failed
TXN00353,Elizabeth Adams,2025-05-30,1277.19,Pending
TXN00354,Richard Allen,2025-08-12,1598.02,Pending
TXN00355,Heidi Hunt,2025-03-02,1319.71,Success
TXN00356,Dr. Stephanie Thompson,2025-10-25,239.85,Pending
TXN00357,Diana Henderson,2024-11-30,3824.69,Success
TXN00358,Hannah Wright,2025-07-29,2619.65,Success
TXN00359,John Morton,2025-09-17,4758.41,Failed
TXN00360,Allison Doyle,2025-02-19,445.51,Pending
TXN00361,Jasmine Leblanc,2024-12-08,1677.6,Success
TXN00362,Zoe Lewis,2025-09-27,441.63,Failed
TXN00363,Shirley Cox,2024-11-28,2840.94,Success
TXN00364,Gregory Bass,2025-03-15,3005.57,Failed
TXN00365,Joshua Jordan,2025-10-03,775.52,Pending
TXN00366,Nicolas Thompson,2025-09-27,4455.09,Success
TXN00367,April Neal,2024-12-05,2903.74,Success
TXN00368,Christopher Adams,2025-01-02,95.41,Failed
TXN00369,Victoria Mayer,2025-01-19,118.89,Pending
TXN00370,Lisa Chavez,2025-01-13,474.93,Pending
TXN00371,Sue Carrillo,2025-07-21,567.86,Success
TXN00372,Brian Davis,2024-12-22,1927.63,Success
TXN00373,Kristen Smith,2025-06-05,941.59,Pending
TXN00374,James Brown,2024-11-09,4288.84,Failed
TXN00375,Brittany Rhodes,2025-06-22,1511.74,Pending
TXN00376,Douglas Garcia,2025-09-04,3943.38,Pending
TXN00377,Monica Miller,2024-11-21,4957.42,Failed
TXN00378,Shannon Fisher,2025-03-09,4836.59,Pending
TXN00379,Jonathan Jackson,2025-04-23,4651.33,Pending
TXN00380,Matthew Schneider,2025-02-22,3695.77,Failed
TXN00381,Mr. Robert Evans,2025-09-27,1694.89,Pending
TXN00382,Michele Gibson,2025-10-07,2441.63,Failed
TXN00383,Leonard Garcia,2025-01-13,2346.19,Failed
TXN00384,Nicholas Anderson,2024-11-12,1201.55,Pending
TXN00385,Alexis Bell,2025-08-01,1780.36,Failed
TXN00386,Dustin Terrell,2025-02-12,3376.13,Success
TXN00387,Jennifer Smith,2025-09-08,4673.18,Pending
TXN00388,Melissa Fields,2025-03-02,3825.42,Success
TXN00389,David Mathis,2025-10-23,1266.13,Failed
TXN00390,Erica Boyd,2025-04-24,953.07,Pending
TXN00391,Alicia Smith,2025-05-27,4982.84,Failed
TXN00392,Tammy Kaiser,2025-08-25,2533.44,Success
TXN00393,Anita Padilla,2025-06-02,3817.81,Success
TXN00394,Melissa Welch,2025-02-25,1062.49,Success
TXN00395,Erika Murray,2025-02-05,2486.95,Failed
TXN00396,Lori Johnson,2025-07-24,2755.31,Failed
TXN00397,Angelica Johnson,2024-12-21,754.4,Failed
TXN00398,Yvonne Zuniga,2024-12-25,1888.01,Pending
TXN00399,Kenneth Rodriguez,2025-07-20,689.72,Success
TXN00400,Michelle Richmond,2024-12-24,3434.56,Pending
TXN00401,Grace James,2024-11-04,526.18,Pending
TXN00402,Nicole Howe,2024-12-25,4082.18,Success
TXN00403,Katherine Warren,2025-07-12,625.33,Failed
TXN00404,Karen Carpenter,2025-04-15,3360.5,Pending
TXN00405,Rick Cruz,2025-06-08,1733.87,Failed
TXN00406,Patrick Walker,2025-07-10,1411.95,Success
TXN00407,Jason Rowland,2025-03-04,4154.92,Pending
TXN00408,Bethany Schneider,2025-09-19,1637.59,Success
TXN00409,Casey Barrett,2025-04-24,4858.78,Pending
TXN00410,Megan Little,2025-10-27,4166.78,Success
TXN00411,Jacqueline Young,2025-08-30,837.11,Failed
TXN00412,Daniel Manning,2024-12-17,285.17,Pending
TXN00413,Emma Hernandez,2025-07-15,2385.9,Pending
TXN00414,Jeffrey Tucker,2025-06-09,2607.96,Pending
TXN00415,Alec Alexander,2025-03-25,3086.55,Pending
TXN00416,Valerie Mercer,2024-10-28,3809.76,Failed
TXN00417,Thomas Richardson,2025-08-09,358.61,Pending
TXN00418,Dominique Perez,2025-04-06,1245.92,Success
TXN00419,Lori Gibbs,2025-02-06,215.01,Success
TXN00420,Kristen Wade,2025-01-01,4765.09,Pending
TXN00421,Samantha Young,2024-12-14,3753.97,Failed
TXN00422,Ronnie Banks,2025-03-30,4391.88,Pending
TXN00423,Steven Taylor,2025-08-09,1103.74,Success
TXN00424,Seth Greer,2025-03-10,1744.19,Pending
TXN00425,John Olson,2024-12-13,3971.86,Success
TXN00426,Adrian White,2025-10-03,4035.94,Success
TXN00427,Brooke Smith,2025-04-08,1170.38,Failed
TXN00428,Mrs. Jennifer Parsons,2025-03-02,4005.73,Failed
TXN00429,Daisy Carson,2025-05-10,2053.07,Pending
TXN00430,Jasmine Mendez,2024-12-07,660.32,Success
TXN00431,Dylan Miller,2025-09-01,811.46,Success
TXN00432,Hailey Garcia,2025-01-26,3988.8,Success
TXN00433,Ariel Gonzalez,2025-01-16,3203.56,Failed
TXN00434,Rhonda Herrera,2024-10-28,1091.11,Pending
TXN00435,Caleb Freeman,2024-12-02,4411.53,Success
TXN00436,Lorraine Vincent,2025-10-27,4222.11,Pending
TXN00437,Amy Pena,2025-06-17,2966.27,Failed
TXN00438,Carolyn Davenport,2025-05-11,2087.79,Failed
TXN00439,Matthew Monroe,2025-05-02,372.93,Failed
TXN00440,Sandra Copeland,2025-05-15,1874.42,Success
TXN00441,Katherine Kelly,2025-10-11,3160.84,Pending
TXN00442,Michael Henry,2025-08-16,4231.15,Success
TXN00443,Timothy Craig,2025-10-17,2032.41,Success
TXN00444,Mrs. Brandy Smith,2025-06-19,3934.6,Failed
TXN00445,Phillip Alvarado,2025-08-23,1066.74,Pending
TXN00446,Robert Williams,2025-05-30,3961.81,Failed
TXN00447,Alejandro Hall,2024-11-28,425.68,Pending
TXN00448,Douglas Jones,2025-06-03,3059.36,Failed
TXN00449,Steven Cohen,2025-01-20,4149.03,Success
TXN00450,Amy Martinez,2024-11-28,596.87,Pending
TXN00451,Joseph Wood,2025-06-08,4233.92,Failed
TXN00452,Brian Miller,2025-06-16,617.51,Success
TXN00453,Rhonda Hanna,2024-12-22,2513.86,Pending
TXN00454,Chase Bell,2025-02-04,1583.28,Success
TXN00455,Diana Gonzalez,2024-12-15,722.2,Success
TXN00456,Eric Taylor,2024-12-10,3108.83,Success
TXN00457,Shaun Adams,2025-07-21,2870.4,Success
TXN00458,William Boone,2025-02-04,3461.37,Pending
TXN00459,Joshua Knapp,2025-05-22,1489.36,Failed
TXN00460,Alisha Soto,2025-09-05,2294.63,Failed
TXN00461,Gary Jensen,2025-02-27,1637.13,Success
TXN00462,Michael Parrish,2025-07-02,1054.92,Pending
TXN00463,Emma Lloyd,2025-05-25,385.66,Failed
TXN00464,Gary Lynn,2025-09-07,3539.14,Pending
TXN00465,Charles Peters,2025-01-26,2383.02,Pending
TXN00466,David Garner,2025-02-27,2116.95,Success
TXN00467,Jeffrey Hester,2025-02-08,3673.8,Pending
TXN00468,Stephanie Hernandez,2025-10-18,4003.96,Failed
TXN00469,Christopher Smith,2025-03-28,3947.98,Failed
TXN00470,Sandy Lopez,2024-11-15,1887.2,Pending
TXN00471,Erin Finley,2025-03-18,926.66,Pending
TXN00472,Kimberly Robinson,2025-04-28,3249.59,Failed
TXN00473,William Odonnell,2025-10-13,353.05,Pending
TXN00474,Todd Barnes,2025-01-17,430.73,Success
TXN00475,Harry Morgan,2025-01-15,4892.46,Success
TXN00476,Olivia Lutz,2025-01-01,888.1,Pending
TXN00477,Brian Lane,2025-03-15,1056.45,Failed
TXN00478,Heather James,2025-08-01,4922.24,Pending
TXN00479,Crystal Jefferson,2025-02-20,3370.5,Pending
TXN00480,Jason Waters,2025-09-11,4632.84,Pending
TXN00481,Laura Alvarado,2024-12-18,2606.24,Failed
TXN00482,Joshua Evans,2025-07-19,2796.34,Success
TXN00483,Veronica Meadows,2025-02-18,4104.72,Failed
TXN00484,Mitchell Watkins,2025-07-20,3425.35,Failed
TXN00485,Jonathan Johnson,2025-06-16,1014.71,Success
TXN00486,Jesse Sims,2024-10-30,1478.4,Pending
TXN00487,Brianna Thompson,2025-02-17,1792.31,Pending
TXN00488,Franklin Harmon,2025-10-17,1394.93,Success
TXN00489,Kelly Tucker,2025-05-30,2142.06,Failed
TXN00490,Jack Powers,2025-02-12,999.01,Failed
TXN00491,Lisa Reed,2025-08-22,387.54,Success
TXN00492,Michael Salas,2024-11-09,695.3,Failed
TXN00493,Eddie Murphy,2025-01-26,3336.57,Failed
TXN00494,Todd Brown,2025-03-10,2479.6,Failed
TXN00495,Philip Ramirez,2025-01-18,4297.98,Pending
TXN00496,Johnathan Mosley,2024-12-10,3893.48,Pending
TXN00497,Gerald Schwartz,2025-09-15,1381.39,Pending
TXN00498,Suzanne Holland,2025-03-30,2073.44,Failed
TXN00499,Jamie Poole,2025-09-22,3641.54,Success
TXN00500,Omar Boone,2024-12-01,3613.67,Pending
